date,is_weekend,is_holiday,working_hours,holiday_name
8/10/2016,FALSE,FALSE,8,
8/11/2016,FALSE,FALSE,8,
8/12/2016,FALSE,FALSE,8,
8/13/2016,TRUE,FALSE,0,
8/14/2016,TRUE,FALSE,0,
8/15/2016,FALSE,FALSE,8,
8/16/2016,FALSE,FALSE,8,
8/17/2016,FALSE,FALSE,8,
8/18/2016,FALSE,FALSE,8,
8/19/2016,FALSE,FALSE,8,
8/20/2016,TRUE,FALSE,0,
8/21/2016,TRUE,FALSE,0,
8/22/2016,FALSE,FALSE,8,
8/23/2016,FALSE,FALSE,8,
8/24/2016,FALSE,FALSE,8,
8/25/2016,FALSE,FALSE,8,
8/26/2016,FALSE,FALSE,8,
8/27/2016,TRUE,FALSE,0,
8/28/2016,TRUE,FALSE,0,
8/29/2016,FALSE,FALSE,8,
8/30/2016,FALSE,FALSE,8,
8/31/2016,FALSE,FALSE,8,
9/1/2016,FALSE,FALSE,8,
9/2/2016,FALSE,FALSE,8,
9/3/2016,TRUE,FALSE,0,
9/4/2016,TRUE,FALSE,0,
9/5/2016,FALSE,TRUE,0,Labor Day
9/6/2016,FALSE,FALSE,8,
9/7/2016,FALSE,FALSE,8,
9/8/2016,FALSE,FALSE,8,
9/9/2016,FALSE,FALSE,8,
9/10/2016,TRUE,FALSE,0,
9/11/2016,TRUE,FALSE,0,
9/12/2016,FALSE,FALSE,8,
9/13/2016,FALSE,FALSE,8,
9/14/2016,FALSE,FALSE,8,
9/15/2016,FALSE,FALSE,8,
9/16/2016,FALSE,FALSE,8,
9/17/2016,TRUE,FALSE,0,
9/18/2016,TRUE,FALSE,0,
9/19/2016,FALSE,FALSE,8,
9/20/2016,FALSE,FALSE,8,
9/21/2016,FALSE,FALSE,8,
9/22/2016,FALSE,FALSE,8,
9/23/2016,FALSE,FALSE,8,
9/24/2016,TRUE,FALSE,0,
9/25/2016,TRUE,FALSE,0,
9/26/2016,FALSE,FALSE,8,
9/27/2016,FALSE,FALSE,8,
9/28/2016,FALSE,FALSE,8,
9/29/2016,FALSE,FALSE,8,
9/30/2016,FALSE,FALSE,8,
10/1/2016,TRUE,FALSE,0,
10/2/2016,TRUE,FALSE,0,
10/3/2016,FALSE,FALSE,8,
10/4/2016,FALSE,FALSE,8,
10/5/2016,FALSE,FALSE,8,
10/6/2016,FALSE,FALSE,8,
10/7/2016,FALSE,FALSE,8,
10/8/2016,TRUE,FALSE,0,
10/9/2016,TRUE,FALSE,0,
10/10/2016,FALSE,TRUE,0,Columbus Day
10/11/2016,FALSE,FALSE,8,
10/12/2016,FALSE,FALSE,8,
10/13/2016,FALSE,FALSE,8,
10/14/2016,FALSE,FALSE,8,
10/15/2016,TRUE,FALSE,0,
10/16/2016,TRUE,FALSE,0,
10/17/2016,FALSE,FALSE,8,
10/18/2016,FALSE,FALSE,8,
10/19/2016,FALSE,FALSE,8,
10/20/2016,FALSE,FALSE,8,
10/21/2016,FALSE,FALSE,8,
10/22/2016,TRUE,FALSE,0,
10/23/2016,TRUE,FALSE,0,
10/24/2016,FALSE,FALSE,0,Vacation
10/25/2016,FALSE,FALSE,0,Vacation
10/26/2016,FALSE,FALSE,0,Vacation
10/27/2016,FALSE,FALSE,0,Vacation
10/28/2016,FALSE,FALSE,0,Vacation
10/29/2016,TRUE,FALSE,0,
10/30/2016,TRUE,FALSE,0,
10/31/2016,FALSE,FALSE,8,
11/1/2016,FALSE,FALSE,8,
11/2/2016,FALSE,FALSE,8,
11/3/2016,FALSE,FALSE,8,
11/4/2016,FALSE,FALSE,8,
11/5/2016,TRUE,FALSE,0,
11/6/2016,TRUE,FALSE,0,
11/7/2016,FALSE,FALSE,8,
11/8/2016,FALSE,FALSE,8,
11/9/2016,FALSE,FALSE,8,
11/10/2016,FALSE,FALSE,8,
11/11/2016,FALSE,TRUE,8,Veterans Day
11/12/2016,TRUE,FALSE,0,
11/13/2016,TRUE,FALSE,0,
11/14/2016,FALSE,FALSE,8,
11/15/2016,FALSE,FALSE,8,
11/16/2016,FALSE,FALSE,8,
11/17/2016,FALSE,FALSE,8,
11/18/2016,FALSE,FALSE,8,
11/19/2016,TRUE,FALSE,0,
11/20/2016,TRUE,FALSE,0,
11/21/2016,FALSE,FALSE,8,
11/22/2016,FALSE,FALSE,8,
11/23/2016,FALSE,FALSE,8,
11/24/2016,FALSE,TRUE,0,Thanksgiving Day
11/25/2016,FALSE,FALSE,0,Day after Thanksgiving
11/26/2016,TRUE,FALSE,0,
11/27/2016,TRUE,FALSE,0,
11/28/2016,FALSE,FALSE,8,
11/29/2016,FALSE,FALSE,8,
11/30/2016,FALSE,FALSE,8,
12/1/2016,FALSE,FALSE,8,
12/2/2016,FALSE,FALSE,8,
12/3/2016,TRUE,FALSE,0,
12/4/2016,TRUE,FALSE,0,
12/5/2016,FALSE,FALSE,8,
12/6/2016,FALSE,FALSE,8,
12/7/2016,FALSE,FALSE,8,
12/8/2016,FALSE,FALSE,8,
12/9/2016,FALSE,FALSE,8,
12/10/2016,TRUE,FALSE,0,
12/11/2016,TRUE,FALSE,0,
12/12/2016,FALSE,FALSE,8,
12/13/2016,FALSE,FALSE,8,
12/14/2016,FALSE,FALSE,8,
12/15/2016,FALSE,FALSE,8,
12/16/2016,FALSE,FALSE,8,
12/17/2016,TRUE,FALSE,0,
12/18/2016,TRUE,FALSE,0,
12/19/2016,FALSE,FALSE,8,
12/20/2016,FALSE,FALSE,8,
12/21/2016,FALSE,FALSE,8,
12/22/2016,FALSE,FALSE,8,
12/23/2016,FALSE,FALSE,8,
12/24/2016,TRUE,FALSE,0,
12/25/2016,TRUE,TRUE,0,Christmas Day
12/26/2016,FALSE,TRUE,0,Christmas Day (observed)
12/27/2016,FALSE,FALSE,8,
12/28/2016,FALSE,FALSE,8,
12/29/2016,FALSE,FALSE,8,
12/30/2016,FALSE,FALSE,8,
12/31/2016,TRUE,FALSE,0,
1/1/2017,TRUE,TRUE,0,New Year's Day
1/2/2017,FALSE,TRUE,0,New Year's Day (observed)
1/3/2017,FALSE,FALSE,8,
1/4/2017,FALSE,FALSE,8,
1/5/2017,FALSE,FALSE,8,
1/6/2017,FALSE,FALSE,8,
1/7/2017,TRUE,FALSE,0,
1/8/2017,TRUE,FALSE,0,
1/9/2017,FALSE,FALSE,8,
1/10/2017,FALSE,FALSE,8,
1/11/2017,FALSE,FALSE,8,
1/12/2017,FALSE,FALSE,8,
1/13/2017,FALSE,FALSE,8,
1/14/2017,TRUE,FALSE,0,
1/15/2017,TRUE,FALSE,0,
1/16/2017,FALSE,TRUE,0,Martin Luther King Day
1/17/2017,FALSE,FALSE,8,
1/18/2017,FALSE,FALSE,8,
1/19/2017,FALSE,FALSE,8,
1/20/2017,FALSE,FALSE,8,
1/21/2017,TRUE,FALSE,0,
1/22/2017,TRUE,FALSE,0,
1/23/2017,FALSE,FALSE,8,
1/24/2017,FALSE,FALSE,8,
1/25/2017,FALSE,FALSE,8,
1/26/2017,FALSE,FALSE,8,
1/27/2017,FALSE,FALSE,8,
1/28/2017,TRUE,FALSE,0,
1/29/2017,TRUE,FALSE,0,
1/30/2017,FALSE,FALSE,8,
1/31/2017,FALSE,FALSE,8,
2/1/2017,FALSE,FALSE,8,
2/2/2017,FALSE,FALSE,8,
2/3/2017,FALSE,FALSE,8,
2/4/2017,TRUE,FALSE,0,
2/5/2017,TRUE,FALSE,0,
2/6/2017,FALSE,FALSE,8,
2/7/2017,FALSE,FALSE,8,
2/8/2017,FALSE,FALSE,8,
2/9/2017,FALSE,FALSE,8,
2/10/2017,FALSE,FALSE,8,
2/11/2017,TRUE,FALSE,0,
2/12/2017,TRUE,FALSE,0,
2/13/2017,FALSE,FALSE,8,
2/14/2017,FALSE,FALSE,8,
2/15/2017,FALSE,FALSE,8,
2/16/2017,FALSE,FALSE,8,
2/17/2017,FALSE,FALSE,8,
2/18/2017,TRUE,FALSE,0,
2/19/2017,TRUE,FALSE,0,
2/20/2017,FALSE,TRUE,0,Presidents' Day
2/21/2017,FALSE,FALSE,8,
2/22/2017,FALSE,FALSE,8,
2/23/2017,FALSE,FALSE,8,
2/24/2017,FALSE,FALSE,8,
2/25/2017,TRUE,FALSE,0,
2/26/2017,TRUE,FALSE,0,
2/27/2017,FALSE,FALSE,8,
2/28/2017,FALSE,FALSE,8,
3/1/2017,FALSE,FALSE,8,
3/2/2017,FALSE,FALSE,8,
3/3/2017,FALSE,FALSE,8,
3/4/2017,TRUE,FALSE,0,
3/5/2017,TRUE,FALSE,0,
3/6/2017,FALSE,FALSE,8,
3/7/2017,FALSE,FALSE,8,
3/8/2017,FALSE,FALSE,8,
3/9/2017,FALSE,FALSE,8,
3/10/2017,FALSE,FALSE,8,
3/11/2017,TRUE,FALSE,0,
3/12/2017,TRUE,FALSE,0,
3/13/2017,FALSE,FALSE,8,
3/14/2017,FALSE,FALSE,8,
3/15/2017,FALSE,FALSE,8,
3/16/2017,FALSE,FALSE,8,
3/17/2017,FALSE,FALSE,8,
3/18/2017,TRUE,FALSE,0,
3/19/2017,TRUE,FALSE,0,
3/20/2017,FALSE,FALSE,8,
3/21/2017,FALSE,FALSE,8,
3/22/2017,FALSE,FALSE,8,
3/23/2017,FALSE,FALSE,8,
3/24/2017,FALSE,FALSE,8,
3/25/2017,TRUE,FALSE,0,
3/26/2017,TRUE,FALSE,0,
3/27/2017,FALSE,FALSE,8,
3/28/2017,FALSE,FALSE,8,
3/29/2017,FALSE,FALSE,8,
3/30/2017,FALSE,FALSE,8,
3/31/2017,FALSE,FALSE,8,
4/1/2017,TRUE,FALSE,0,
4/2/2017,TRUE,FALSE,0,
4/3/2017,FALSE,FALSE,8,
4/4/2017,FALSE,FALSE,8,
4/5/2017,FALSE,FALSE,8,
4/6/2017,FALSE,FALSE,8,
4/7/2017,FALSE,FALSE,8,
4/8/2017,TRUE,FALSE,0,
4/9/2017,TRUE,FALSE,0,
4/10/2017,FALSE,FALSE,8,
4/11/2017,FALSE,FALSE,8,
4/12/2017,FALSE,FALSE,8,
4/13/2017,FALSE,FALSE,8,
4/14/2017,FALSE,FALSE,8,
4/15/2017,TRUE,FALSE,0,
4/16/2017,TRUE,FALSE,0,
4/17/2017,FALSE,FALSE,8,
4/18/2017,FALSE,FALSE,8,
4/19/2017,FALSE,FALSE,8,
4/20/2017,FALSE,FALSE,8,
4/21/2017,FALSE,FALSE,8,
4/22/2017,TRUE,FALSE,0,
4/23/2017,TRUE,FALSE,0,
4/24/2017,FALSE,FALSE,8,
4/25/2017,FALSE,FALSE,8,
4/26/2017,FALSE,FALSE,8,
4/27/2017,FALSE,FALSE,8,
4/28/2017,FALSE,FALSE,8,
4/29/2017,TRUE,FALSE,0,
4/30/2017,TRUE,FALSE,0,
5/1/2017,FALSE,FALSE,8,
5/2/2017,FALSE,FALSE,8,
5/3/2017,FALSE,FALSE,8,
5/4/2017,FALSE,FALSE,8,
5/5/2017,FALSE,FALSE,8,
5/6/2017,TRUE,FALSE,0,
5/7/2017,TRUE,FALSE,0,
5/8/2017,FALSE,FALSE,8,
5/9/2017,FALSE,FALSE,8,
5/10/2017,FALSE,FALSE,8,
5/11/2017,FALSE,FALSE,8,
5/12/2017,FALSE,FALSE,8,
5/13/2017,TRUE,FALSE,0,
5/14/2017,TRUE,FALSE,0,
5/15/2017,FALSE,FALSE,8,
5/16/2017,FALSE,FALSE,8,
5/17/2017,FALSE,FALSE,8,
5/18/2017,FALSE,FALSE,8,
5/19/2017,FALSE,FALSE,8,
5/20/2017,TRUE,FALSE,0,
5/21/2017,TRUE,FALSE,0,
5/22/2017,FALSE,FALSE,8,
5/23/2017,FALSE,FALSE,8,
5/24/2017,FALSE,FALSE,8,
5/25/2017,FALSE,FALSE,8,
5/26/2017,FALSE,FALSE,8,
5/27/2017,TRUE,FALSE,0,
5/28/2017,TRUE,FALSE,0,
5/29/2017,FALSE,TRUE,0,Memorial Day
5/30/2017,FALSE,FALSE,8,
5/31/2017,FALSE,FALSE,8,
6/1/2017,FALSE,FALSE,8,
6/2/2017,FALSE,FALSE,8,
6/3/2017,TRUE,FALSE,0,
6/4/2017,TRUE,FALSE,0,
6/5/2017,FALSE,FALSE,8,
6/6/2017,FALSE,FALSE,8,
6/7/2017,FALSE,FALSE,8,
6/8/2017,FALSE,FALSE,8,
6/9/2017,FALSE,FALSE,8,
6/10/2017,TRUE,FALSE,0,
6/11/2017,TRUE,FALSE,0,
6/12/2017,FALSE,FALSE,8,
6/13/2017,FALSE,FALSE,8,
6/14/2017,FALSE,FALSE,8,
6/15/2017,FALSE,FALSE,8,
6/16/2017,FALSE,FALSE,8,
6/17/2017,TRUE,FALSE,0,
6/18/2017,TRUE,FALSE,0,
6/19/2017,FALSE,FALSE,8,
6/20/2017,FALSE,FALSE,8,
6/21/2017,FALSE,FALSE,8,
6/22/2017,FALSE,FALSE,8,
6/23/2017,FALSE,FALSE,8,
6/24/2017,TRUE,FALSE,0,
6/25/2017,TRUE,FALSE,0,
6/26/2017,FALSE,FALSE,8,
6/27/2017,FALSE,FALSE,8,
6/28/2017,FALSE,FALSE,8,
6/29/2017,FALSE,FALSE,8,
6/30/2017,FALSE,FALSE,8,
7/1/2017,TRUE,FALSE,0,
7/2/2017,TRUE,FALSE,0,
7/3/2017,FALSE,FALSE,8,
7/4/2017,FALSE,TRUE,0,Independence Day
7/5/2017,FALSE,FALSE,8,
7/6/2017,FALSE,FALSE,8,
7/7/2017,FALSE,FALSE,8,
7/8/2017,TRUE,FALSE,0,
7/9/2017,TRUE,FALSE,0,
7/10/2017,FALSE,FALSE,8,
7/11/2017,FALSE,FALSE,8,
7/12/2017,FALSE,FALSE,8,
7/13/2017,FALSE,FALSE,8,
7/14/2017,FALSE,FALSE,8,
7/15/2017,TRUE,FALSE,0,
7/16/2017,TRUE,FALSE,0,
7/17/2017,FALSE,FALSE,8,
7/18/2017,FALSE,FALSE,8,
7/19/2017,FALSE,FALSE,8,
7/20/2017,FALSE,FALSE,8,
7/21/2017,FALSE,FALSE,8,
7/22/2017,TRUE,FALSE,0,
7/23/2017,TRUE,FALSE,0,
7/24/2017,FALSE,FALSE,8,
7/25/2017,FALSE,FALSE,8,
7/26/2017,FALSE,FALSE,8,
7/27/2017,FALSE,FALSE,8,
7/28/2017,FALSE,FALSE,8,
7/29/2017,TRUE,FALSE,0,
7/30/2017,TRUE,FALSE,0,
7/31/2017,FALSE,FALSE,8,
8/1/2017,FALSE,FALSE,8,
8/2/2017,FALSE,FALSE,8,
8/3/2017,FALSE,FALSE,8,
8/4/2017,FALSE,FALSE,8,
8/5/2017,TRUE,FALSE,0,
8/6/2017,TRUE,FALSE,0,
8/7/2017,FALSE,FALSE,8,
8/8/2017,FALSE,FALSE,8,
8/9/2017,FALSE,FALSE,8,
8/10/2017,FALSE,FALSE,8,
8/11/2017,FALSE,FALSE,8,
8/12/2017,TRUE,FALSE,0,
8/13/2017,TRUE,FALSE,0,
8/14/2017,FALSE,FALSE,8,
8/15/2017,FALSE,FALSE,8,
8/16/2017,FALSE,FALSE,8,
8/17/2017,FALSE,FALSE,8,
8/18/2017,FALSE,FALSE,8,
8/19/2017,TRUE,FALSE,0,
8/20/2017,TRUE,FALSE,0,
8/21/2017,FALSE,FALSE,8,
8/22/2017,FALSE,FALSE,8,
8/23/2017,FALSE,FALSE,8,
8/24/2017,FALSE,FALSE,8,
8/25/2017,FALSE,FALSE,8,
8/26/2017,TRUE,FALSE,0,
8/27/2017,TRUE,FALSE,0,
8/28/2017,FALSE,FALSE,8,
8/29/2017,FALSE,FALSE,8,
8/30/2017,FALSE,FALSE,8,
8/31/2017,FALSE,FALSE,8,
9/1/2017,FALSE,FALSE,8,
9/2/2017,TRUE,FALSE,0,
9/3/2017,TRUE,FALSE,0,
9/4/2017,FALSE,TRUE,0,Labor Day
9/5/2017,FALSE,FALSE,8,
9/6/2017,FALSE,FALSE,8,
9/7/2017,FALSE,FALSE,8,
9/8/2017,FALSE,FALSE,8,
9/9/2017,TRUE,FALSE,0,
9/10/2017,TRUE,FALSE,0,
9/11/2017,FALSE,FALSE,8,
9/12/2017,FALSE,FALSE,8,
9/13/2017,FALSE,FALSE,8,
9/14/2017,FALSE,FALSE,8,
9/15/2017,FALSE,FALSE,8,
9/16/2017,TRUE,FALSE,0,
9/17/2017,TRUE,FALSE,0,
9/18/2017,FALSE,FALSE,8,
9/19/2017,FALSE,FALSE,8,
9/20/2017,FALSE,FALSE,8,
9/21/2017,FALSE,FALSE,8,
9/22/2017,FALSE,FALSE,8,
9/23/2017,TRUE,FALSE,0,
9/24/2017,TRUE,FALSE,0,
9/25/2017,FALSE,FALSE,8,
9/26/2017,FALSE,FALSE,8,
9/27/2017,FALSE,FALSE,8,
9/28/2017,FALSE,FALSE,8,
9/29/2017,FALSE,FALSE,8,
9/30/2017,TRUE,FALSE,0,
10/1/2017,TRUE,FALSE,0,
10/2/2017,FALSE,FALSE,8,
10/3/2017,FALSE,FALSE,8,
10/4/2017,FALSE,FALSE,8,
10/5/2017,FALSE,FALSE,8,
10/6/2017,FALSE,FALSE,8,
10/7/2017,TRUE,FALSE,0,
10/8/2017,TRUE,FALSE,0,
10/9/2017,FALSE,TRUE,0,Columbus Day
10/10/2017,FALSE,FALSE,8,
10/11/2017,FALSE,FALSE,8,
10/12/2017,FALSE,FALSE,8,
10/13/2017,FALSE,FALSE,8,
10/14/2017,TRUE,FALSE,0,
10/15/2017,TRUE,FALSE,0,
10/16/2017,FALSE,FALSE,8,
10/17/2017,FALSE,FALSE,8,
10/18/2017,FALSE,FALSE,8,
10/19/2017,FALSE,FALSE,8,
10/20/2017,FALSE,FALSE,8,
10/21/2017,TRUE,FALSE,0,
10/22/2017,TRUE,FALSE,0,
10/23/2017,FALSE,FALSE,8,
10/24/2017,FALSE,FALSE,8,
10/25/2017,FALSE,FALSE,8,
10/26/2017,FALSE,FALSE,8,
10/27/2017,FALSE,FALSE,8,
10/28/2017,TRUE,FALSE,0,
10/29/2017,TRUE,FALSE,0,
10/30/2017,FALSE,FALSE,8,
10/31/2017,FALSE,FALSE,8,
11/1/2017,FALSE,FALSE,8,
11/2/2017,FALSE,FALSE,8,
11/3/2017,FALSE,FALSE,8,
11/4/2017,TRUE,FALSE,0,
11/5/2017,TRUE,FALSE,0,
11/6/2017,FALSE,FALSE,8,
11/7/2017,FALSE,FALSE,8,
11/8/2017,FALSE,FALSE,8,
11/9/2017,FALSE,FALSE,8,
11/10/2017,FALSE,TRUE,0,Veterans Day (observed)
11/11/2017,TRUE,TRUE,0,Veterans Day
11/12/2017,TRUE,FALSE,0,
11/13/2017,FALSE,FALSE,8,
11/14/2017,FALSE,FALSE,8,
11/15/2017,FALSE,FALSE,8,
11/16/2017,FALSE,FALSE,8,
11/17/2017,FALSE,FALSE,8,
11/18/2017,TRUE,FALSE,0,
11/19/2017,TRUE,FALSE,0,
11/20/2017,FALSE,FALSE,8,
11/21/2017,FALSE,FALSE,8,
11/22/2017,FALSE,FALSE,8,
11/23/2017,FALSE,TRUE,0,Thanksgiving Day
11/24/2017,FALSE,FALSE,0,Day after Thanksgiving
11/25/2017,TRUE,FALSE,0,
11/26/2017,TRUE,FALSE,0,
11/27/2017,FALSE,FALSE,8,
11/28/2017,FALSE,FALSE,8,
11/29/2017,FALSE,FALSE,8,
11/30/2017,FALSE,FALSE,8,
12/1/2017,FALSE,FALSE,8,
12/2/2017,TRUE,FALSE,0,
12/3/2017,TRUE,FALSE,0,
12/4/2017,FALSE,FALSE,8,
12/5/2017,FALSE,FALSE,8,
12/6/2017,FALSE,FALSE,8,
12/7/2017,FALSE,FALSE,8,
12/8/2017,FALSE,FALSE,8,
12/9/2017,TRUE,FALSE,0,
12/10/2017,TRUE,FALSE,0,
12/11/2017,FALSE,FALSE,8,
12/12/2017,FALSE,FALSE,8,
12/13/2017,FALSE,FALSE,8,
12/14/2017,FALSE,FALSE,8,
12/15/2017,FALSE,FALSE,8,
12/16/2017,TRUE,FALSE,0,
12/17/2017,TRUE,FALSE,0,
12/18/2017,FALSE,FALSE,8,
12/19/2017,FALSE,FALSE,8,
12/20/2017,FALSE,FALSE,8,
12/21/2017,FALSE,FALSE,8,
12/22/2017,FALSE,FALSE,8,
12/23/2017,TRUE,FALSE,0,
12/24/2017,TRUE,FALSE,0,
12/25/2017,FALSE,TRUE,0,Christmas Day
12/26/2017,FALSE,FALSE,8,
12/27/2017,FALSE,FALSE,8,
12/28/2017,FALSE,FALSE,8,
12/29/2017,FALSE,FALSE,8,
12/30/2017,TRUE,FALSE,0,
12/31/2017,TRUE,FALSE,0,
1/1/2018,FALSE,TRUE,0,New Year's Day
1/2/2018,FALSE,FALSE,8,
1/3/2018,FALSE,FALSE,8,
1/4/2018,FALSE,FALSE,8,
1/5/2018,FALSE,FALSE,8,
1/6/2018,TRUE,FALSE,0,
1/7/2018,TRUE,FALSE,0,
1/8/2018,FALSE,FALSE,8,
1/9/2018,FALSE,FALSE,8,
1/10/2018,FALSE,FALSE,8,
1/11/2018,FALSE,FALSE,8,
1/12/2018,FALSE,FALSE,8,
1/13/2018,TRUE,FALSE,0,
1/14/2018,TRUE,FALSE,0,
1/15/2018,FALSE,TRUE,0,Martin Luther King Day
1/16/2018,FALSE,FALSE,8,
1/17/2018,FALSE,FALSE,8,
1/18/2018,FALSE,FALSE,8,
1/19/2018,FALSE,FALSE,8,
1/20/2018,TRUE,FALSE,0,
1/21/2018,TRUE,FALSE,0,
1/22/2018,FALSE,FALSE,8,
1/23/2018,FALSE,FALSE,8,
1/24/2018,FALSE,FALSE,8,
1/25/2018,FALSE,FALSE,8,
1/26/2018,FALSE,FALSE,8,
1/27/2018,TRUE,FALSE,0,
1/28/2018,TRUE,FALSE,0,
1/29/2018,FALSE,FALSE,8,
1/30/2018,FALSE,FALSE,8,
1/31/2018,FALSE,FALSE,8,
2/1/2018,FALSE,FALSE,8,
2/2/2018,FALSE,FALSE,8,
2/3/2018,TRUE,FALSE,0,
2/4/2018,TRUE,FALSE,0,
2/5/2018,FALSE,FALSE,8,
2/6/2018,FALSE,FALSE,8,
2/7/2018,FALSE,FALSE,8,
2/8/2018,FALSE,FALSE,8,
2/9/2018,FALSE,FALSE,8,
2/10/2018,TRUE,FALSE,0,
2/11/2018,TRUE,FALSE,0,
2/12/2018,FALSE,FALSE,8,
2/13/2018,FALSE,FALSE,8,
2/14/2018,FALSE,FALSE,8,
2/15/2018,FALSE,FALSE,8,
2/16/2018,FALSE,FALSE,8,
2/17/2018,TRUE,FALSE,0,
2/18/2018,TRUE,FALSE,0,
2/19/2018,FALSE,TRUE,0,Presidents' Day
2/20/2018,FALSE,FALSE,8,
2/21/2018,FALSE,FALSE,8,
2/22/2018,FALSE,FALSE,8,
2/23/2018,FALSE,FALSE,8,
2/24/2018,TRUE,FALSE,0,
2/25/2018,TRUE,FALSE,0,
2/26/2018,FALSE,FALSE,8,
2/27/2018,FALSE,FALSE,8,
2/28/2018,FALSE,FALSE,8,
3/1/2018,FALSE,FALSE,8,
3/2/2018,FALSE,FALSE,8,
3/3/2018,TRUE,FALSE,0,
3/4/2018,TRUE,FALSE,0,
3/5/2018,FALSE,FALSE,8,
3/6/2018,FALSE,FALSE,8,
3/7/2018,FALSE,FALSE,8,
3/8/2018,FALSE,FALSE,8,
3/9/2018,FALSE,FALSE,8,
3/10/2018,TRUE,FALSE,0,
3/11/2018,TRUE,FALSE,0,
3/12/2018,FALSE,FALSE,8,
3/13/2018,FALSE,FALSE,8,
3/14/2018,FALSE,FALSE,8,
3/15/2018,FALSE,FALSE,8,
3/16/2018,FALSE,FALSE,8,
3/17/2018,TRUE,FALSE,0,
3/18/2018,TRUE,FALSE,0,
3/19/2018,FALSE,FALSE,8,
3/20/2018,FALSE,FALSE,8,
3/21/2018,FALSE,FALSE,8,
3/22/2018,FALSE,FALSE,8,
3/23/2018,FALSE,FALSE,8,
3/24/2018,TRUE,FALSE,0,
3/25/2018,TRUE,FALSE,0,
3/26/2018,FALSE,FALSE,8,
3/27/2018,FALSE,FALSE,8,
3/28/2018,FALSE,FALSE,8,
3/29/2018,FALSE,FALSE,8,
3/30/2018,FALSE,FALSE,8,
3/31/2018,TRUE,FALSE,0,
4/1/2018,TRUE,FALSE,0,
4/2/2018,FALSE,FALSE,8,
4/3/2018,FALSE,FALSE,8,
4/4/2018,FALSE,FALSE,8,
4/5/2018,FALSE,FALSE,8,
4/6/2018,FALSE,FALSE,8,
4/7/2018,TRUE,FALSE,0,
4/8/2018,TRUE,FALSE,0,
4/9/2018,FALSE,FALSE,8,
4/10/2018,FALSE,FALSE,8,
4/11/2018,FALSE,FALSE,8,
4/12/2018,FALSE,FALSE,8,
4/13/2018,FALSE,FALSE,8,
4/14/2018,TRUE,FALSE,0,
4/15/2018,TRUE,FALSE,0,
4/16/2018,FALSE,FALSE,8,
4/17/2018,FALSE,FALSE,8,
4/18/2018,FALSE,FALSE,8,
4/19/2018,FALSE,FALSE,8,
4/20/2018,FALSE,FALSE,8,
4/21/2018,TRUE,FALSE,0,
4/22/2018,TRUE,FALSE,0,
4/23/2018,FALSE,FALSE,8,
4/24/2018,FALSE,FALSE,8,
4/25/2018,FALSE,FALSE,8,
4/26/2018,FALSE,FALSE,8,
4/27/2018,FALSE,FALSE,8,
4/28/2018,TRUE,FALSE,0,
4/29/2018,TRUE,FALSE,0,
4/30/2018,FALSE,FALSE,8,
5/1/2018,FALSE,FALSE,8,
5/2/2018,FALSE,FALSE,8,
5/3/2018,FALSE,FALSE,8,
5/4/2018,FALSE,FALSE,8,
5/5/2018,TRUE,FALSE,0,
5/6/2018,TRUE,FALSE,0,
5/7/2018,FALSE,FALSE,8,
5/8/2018,FALSE,FALSE,8,
5/9/2018,FALSE,FALSE,8,
5/10/2018,FALSE,FALSE,8,
5/11/2018,FALSE,FALSE,8,
5/12/2018,TRUE,FALSE,0,
5/13/2018,TRUE,FALSE,0,
5/14/2018,FALSE,FALSE,8,
5/15/2018,FALSE,FALSE,8,
5/16/2018,FALSE,FALSE,8,
5/17/2018,FALSE,FALSE,8,
5/18/2018,FALSE,FALSE,8,
5/19/2018,TRUE,FALSE,0,
5/20/2018,TRUE,FALSE,0,
5/21/2018,FALSE,FALSE,8,
5/22/2018,FALSE,FALSE,8,
5/23/2018,FALSE,FALSE,8,
5/24/2018,FALSE,FALSE,8,
5/25/2018,FALSE,FALSE,8,
5/26/2018,TRUE,FALSE,0,
5/27/2018,TRUE,FALSE,0,
5/28/2018,FALSE,TRUE,0,Memorial Day
5/29/2018,FALSE,FALSE,8,
5/30/2018,FALSE,FALSE,8,
5/31/2018,FALSE,FALSE,8,
6/1/2018,FALSE,FALSE,8,
6/2/2018,TRUE,FALSE,0,
6/3/2018,TRUE,FALSE,0,
6/4/2018,FALSE,FALSE,8,
6/5/2018,FALSE,FALSE,8,
6/6/2018,FALSE,FALSE,8,
6/7/2018,FALSE,FALSE,8,
6/8/2018,FALSE,FALSE,8,
6/9/2018,TRUE,FALSE,0,
6/10/2018,TRUE,FALSE,0,
6/11/2018,FALSE,FALSE,8,
6/12/2018,FALSE,FALSE,8,
6/13/2018,FALSE,FALSE,8,
6/14/2018,FALSE,FALSE,8,
6/15/2018,FALSE,FALSE,8,
6/16/2018,TRUE,FALSE,0,
6/17/2018,TRUE,FALSE,0,
6/18/2018,FALSE,FALSE,8,
6/19/2018,FALSE,FALSE,8,
6/20/2018,FALSE,FALSE,8,
6/21/2018,FALSE,FALSE,8,
6/22/2018,FALSE,FALSE,8,
6/23/2018,TRUE,FALSE,0,
6/24/2018,TRUE,FALSE,0,
6/25/2018,FALSE,FALSE,8,
6/26/2018,FALSE,FALSE,8,
6/27/2018,FALSE,FALSE,8,
6/28/2018,FALSE,FALSE,8,
6/29/2018,FALSE,FALSE,8,
6/30/2018,TRUE,FALSE,0,
7/1/2018,TRUE,FALSE,0,
7/2/2018,FALSE,FALSE,8,
7/3/2018,FALSE,FALSE,8,
7/4/2018,FALSE,TRUE,0,Independence Day
7/5/2018,FALSE,FALSE,8,
7/6/2018,FALSE,FALSE,8,
7/7/2018,TRUE,FALSE,0,
7/8/2018,TRUE,FALSE,0,
7/9/2018,FALSE,FALSE,8,
7/10/2018,FALSE,FALSE,8,
7/11/2018,FALSE,FALSE,8,
7/12/2018,FALSE,FALSE,8,
7/13/2018,FALSE,FALSE,8,
7/14/2018,TRUE,FALSE,0,
7/15/2018,TRUE,FALSE,0,
7/16/2018,FALSE,FALSE,8,
7/17/2018,FALSE,FALSE,8,
7/18/2018,FALSE,FALSE,8,
7/19/2018,FALSE,FALSE,8,
7/20/2018,FALSE,FALSE,8,
7/21/2018,TRUE,FALSE,0,
7/22/2018,TRUE,FALSE,0,
7/23/2018,FALSE,FALSE,8,
7/24/2018,FALSE,FALSE,8,
7/25/2018,FALSE,FALSE,8,
7/26/2018,FALSE,FALSE,8,
7/27/2018,FALSE,FALSE,8,
7/28/2018,TRUE,FALSE,0,
7/29/2018,TRUE,FALSE,0,
7/30/2018,FALSE,FALSE,8,
7/31/2018,FALSE,FALSE,8,
8/1/2018,FALSE,FALSE,8,
8/2/2018,FALSE,FALSE,8,
8/3/2018,FALSE,FALSE,8,
8/4/2018,TRUE,FALSE,0,
8/5/2018,TRUE,FALSE,0,
8/6/2018,FALSE,FALSE,8,
8/7/2018,FALSE,FALSE,8,
8/8/2018,FALSE,FALSE,8,
8/9/2018,FALSE,FALSE,8,
8/10/2018,FALSE,FALSE,8,
8/11/2018,TRUE,FALSE,0,
8/12/2018,TRUE,FALSE,0,
8/13/2018,FALSE,FALSE,8,
8/14/2018,FALSE,FALSE,8,
8/15/2018,FALSE,FALSE,8,
8/16/2018,FALSE,FALSE,8,
8/17/2018,FALSE,FALSE,8,
8/18/2018,TRUE,FALSE,0,
8/19/2018,TRUE,FALSE,0,
8/20/2018,FALSE,FALSE,8,
8/21/2018,FALSE,FALSE,8,
8/22/2018,FALSE,FALSE,8,
8/23/2018,FALSE,FALSE,8,
8/24/2018,FALSE,FALSE,8,
8/25/2018,TRUE,FALSE,0,
8/26/2018,TRUE,FALSE,0,
8/27/2018,FALSE,FALSE,8,
8/28/2018,FALSE,FALSE,8,
8/29/2018,FALSE,FALSE,8,
8/30/2018,FALSE,FALSE,8,
8/31/2018,FALSE,FALSE,8,
9/1/2018,TRUE,FALSE,0,
9/2/2018,TRUE,FALSE,0,
9/3/2018,FALSE,TRUE,0,Labor Day
9/4/2018,FALSE,FALSE,8,
9/5/2018,FALSE,FALSE,8,
9/6/2018,FALSE,FALSE,8,
9/7/2018,FALSE,FALSE,8,
9/8/2018,TRUE,FALSE,0,
9/9/2018,TRUE,FALSE,0,
9/10/2018,FALSE,FALSE,8,
9/11/2018,FALSE,FALSE,8,
9/12/2018,FALSE,FALSE,8,
9/13/2018,FALSE,FALSE,8,
9/14/2018,FALSE,FALSE,8,
9/15/2018,TRUE,FALSE,0,
9/16/2018,TRUE,FALSE,0,
9/17/2018,FALSE,FALSE,8,
9/18/2018,FALSE,FALSE,8,
9/19/2018,FALSE,FALSE,8,
9/20/2018,FALSE,FALSE,8,
9/21/2018,FALSE,FALSE,8,
9/22/2018,TRUE,FALSE,0,
9/23/2018,TRUE,FALSE,0,
9/24/2018,FALSE,FALSE,8,
9/25/2018,FALSE,FALSE,8,
9/26/2018,FALSE,FALSE,8,
9/27/2018,FALSE,FALSE,8,
9/28/2018,FALSE,FALSE,8,
9/29/2018,TRUE,FALSE,0,
9/30/2018,TRUE,FALSE,0,
10/1/2018,FALSE,FALSE,8,
10/2/2018,FALSE,FALSE,8,
10/3/2018,FALSE,FALSE,8,
10/4/2018,FALSE,FALSE,8,
10/5/2018,FALSE,FALSE,8,
10/6/2018,TRUE,FALSE,0,
10/7/2018,TRUE,FALSE,0,
10/8/2018,FALSE,TRUE,0,Columbus Day
10/9/2018,FALSE,FALSE,8,
10/10/2018,FALSE,FALSE,8,
10/11/2018,FALSE,FALSE,8,
10/12/2018,FALSE,FALSE,8,
10/13/2018,TRUE,FALSE,0,
10/14/2018,TRUE,FALSE,0,
10/15/2018,FALSE,FALSE,8,
10/16/2018,FALSE,FALSE,8,
10/17/2018,FALSE,FALSE,8,
10/18/2018,FALSE,FALSE,8,
10/19/2018,FALSE,FALSE,8,
10/20/2018,TRUE,FALSE,0,
10/21/2018,TRUE,FALSE,0,
10/22/2018,FALSE,FALSE,8,
10/23/2018,FALSE,FALSE,8,
10/24/2018,FALSE,FALSE,8,
10/25/2018,FALSE,FALSE,8,
10/26/2018,FALSE,FALSE,8,
10/27/2018,TRUE,FALSE,0,
10/28/2018,TRUE,FALSE,0,
10/29/2018,FALSE,FALSE,8,
10/30/2018,FALSE,FALSE,8,
10/31/2018,FALSE,FALSE,8,
11/1/2018,FALSE,FALSE,8,
11/2/2018,FALSE,FALSE,8,
11/3/2018,TRUE,FALSE,0,
11/4/2018,TRUE,FALSE,0,
11/5/2018,FALSE,FALSE,8,
11/6/2018,FALSE,FALSE,8,
11/7/2018,FALSE,FALSE,8,
11/8/2018,FALSE,FALSE,8,
11/9/2018,FALSE,FALSE,8,
11/10/2018,TRUE,FALSE,0,
11/11/2018,TRUE,TRUE,0,Veterans Day
11/12/2018,FALSE,TRUE,0,Veterans Day (observed)
11/13/2018,FALSE,FALSE,8,
11/14/2018,FALSE,FALSE,8,
11/15/2018,FALSE,FALSE,8,
11/16/2018,FALSE,FALSE,8,
11/17/2018,TRUE,FALSE,0,
11/18/2018,TRUE,FALSE,0,
11/19/2018,FALSE,FALSE,8,
11/20/2018,FALSE,FALSE,8,
11/21/2018,FALSE,FALSE,8,
11/22/2018,FALSE,TRUE,0,Thanksgiving Day
11/23/2018,FALSE,FALSE,0,Day after Thanksgiving
11/24/2018,TRUE,FALSE,0,
11/25/2018,TRUE,FALSE,0,
11/26/2018,FALSE,FALSE,8,
11/27/2018,FALSE,FALSE,8,
11/28/2018,FALSE,FALSE,8,
11/29/2018,FALSE,FALSE,8,
11/30/2018,FALSE,FALSE,8,
12/1/2018,TRUE,FALSE,0,
12/2/2018,TRUE,FALSE,0,
12/3/2018,FALSE,FALSE,8,
12/4/2018,FALSE,FALSE,8,
12/5/2018,FALSE,FALSE,8,
12/6/2018,FALSE,FALSE,8,
12/7/2018,FALSE,FALSE,8,
12/8/2018,TRUE,FALSE,0,
12/9/2018,TRUE,FALSE,0,
12/10/2018,FALSE,FALSE,8,
12/11/2018,FALSE,FALSE,8,
12/12/2018,FALSE,FALSE,8,
12/13/2018,FALSE,FALSE,8,
12/14/2018,FALSE,FALSE,8,
12/15/2018,TRUE,FALSE,0,
12/16/2018,TRUE,FALSE,0,
12/17/2018,FALSE,FALSE,8,
12/18/2018,FALSE,FALSE,8,
12/19/2018,FALSE,FALSE,8,
12/20/2018,FALSE,FALSE,8,
12/21/2018,FALSE,FALSE,8,
12/22/2018,TRUE,FALSE,0,
12/23/2018,TRUE,FALSE,0,
12/24/2018,FALSE,FALSE,8,
12/25/2018,FALSE,TRUE,0,Christmas Day
12/26/2018,FALSE,FALSE,8,
12/27/2018,FALSE,FALSE,8,
12/28/2018,FALSE,FALSE,8,
12/29/2018,TRUE,FALSE,0,
12/30/2018,TRUE,FALSE,0,
12/31/2018,FALSE,FALSE,8,
1/1/2019,FALSE,TRUE,0,New Year's Day
1/2/2019,FALSE,FALSE,8,
1/3/2019,FALSE,FALSE,8,
1/4/2019,FALSE,FALSE,8,
1/5/2019,TRUE,FALSE,0,
1/6/2019,TRUE,FALSE,0,
1/7/2019,FALSE,FALSE,8,
1/8/2019,FALSE,FALSE,8,
1/9/2019,FALSE,FALSE,8,
1/10/2019,FALSE,FALSE,8,
1/11/2019,FALSE,FALSE,8,
1/12/2019,TRUE,FALSE,0,
1/13/2019,TRUE,FALSE,0,
1/14/2019,FALSE,FALSE,8,
1/15/2019,FALSE,FALSE,8,
1/16/2019,FALSE,FALSE,8,
1/17/2019,FALSE,FALSE,8,
1/18/2019,FALSE,FALSE,8,
1/19/2019,TRUE,FALSE,0,
1/20/2019,TRUE,FALSE,0,
1/21/2019,FALSE,TRUE,0,Martin Luther King Day
1/22/2019,FALSE,FALSE,8,
1/23/2019,FALSE,FALSE,8,
1/24/2019,FALSE,FALSE,8,
1/25/2019,FALSE,FALSE,8,
1/26/2019,TRUE,FALSE,0,
1/27/2019,TRUE,FALSE,0,
1/28/2019,FALSE,FALSE,8,
1/29/2019,FALSE,FALSE,8,
1/30/2019,FALSE,FALSE,8,
1/31/2019,FALSE,FALSE,8,
2/1/2019,FALSE,FALSE,8,
2/2/2019,TRUE,FALSE,0,
2/3/2019,TRUE,FALSE,0,
2/4/2019,FALSE,FALSE,8,
2/5/2019,FALSE,FALSE,8,
2/6/2019,FALSE,FALSE,8,
2/7/2019,FALSE,FALSE,8,
2/8/2019,FALSE,FALSE,8,
2/9/2019,TRUE,FALSE,0,
2/10/2019,TRUE,FALSE,0,
2/11/2019,FALSE,FALSE,8,
2/12/2019,FALSE,FALSE,8,
2/13/2019,FALSE,FALSE,8,
2/14/2019,FALSE,FALSE,8,
2/15/2019,FALSE,FALSE,8,
2/16/2019,TRUE,FALSE,0,
2/17/2019,TRUE,FALSE,0,
2/18/2019,FALSE,TRUE,0,Presidents' Day
2/19/2019,FALSE,FALSE,8,
2/20/2019,FALSE,FALSE,8,
2/21/2019,FALSE,FALSE,8,
2/22/2019,FALSE,FALSE,8,
2/23/2019,TRUE,FALSE,0,
2/24/2019,TRUE,FALSE,0,
2/25/2019,FALSE,FALSE,8,
2/26/2019,FALSE,FALSE,8,
2/27/2019,FALSE,FALSE,8,
2/28/2019,FALSE,FALSE,8,
3/1/2019,FALSE,FALSE,8,
3/2/2019,TRUE,FALSE,0,
3/3/2019,TRUE,FALSE,0,
3/4/2019,FALSE,FALSE,8,
3/5/2019,FALSE,FALSE,8,
3/6/2019,FALSE,FALSE,8,
3/7/2019,FALSE,FALSE,8,
3/8/2019,FALSE,FALSE,8,
3/9/2019,TRUE,FALSE,0,
3/10/2019,TRUE,FALSE,0,
3/11/2019,FALSE,FALSE,8,
3/12/2019,FALSE,FALSE,8,
3/13/2019,FALSE,FALSE,8,
3/14/2019,FALSE,FALSE,8,
3/15/2019,FALSE,FALSE,8,
3/16/2019,TRUE,FALSE,0,
3/17/2019,TRUE,FALSE,0,
3/18/2019,FALSE,FALSE,8,
3/19/2019,FALSE,FALSE,8,
3/20/2019,FALSE,FALSE,8,
3/21/2019,FALSE,FALSE,8,
3/22/2019,FALSE,FALSE,8,
3/23/2019,TRUE,FALSE,0,
3/24/2019,TRUE,FALSE,0,
3/25/2019,FALSE,FALSE,8,
3/26/2019,FALSE,FALSE,8,
3/27/2019,FALSE,FALSE,8,
3/28/2019,FALSE,FALSE,8,
3/29/2019,FALSE,FALSE,8,
3/30/2019,TRUE,FALSE,0,
3/31/2019,TRUE,FALSE,0,
4/1/2019,FALSE,FALSE,8,
4/2/2019,FALSE,FALSE,8,
4/3/2019,FALSE,FALSE,8,
4/4/2019,FALSE,FALSE,8,
4/5/2019,FALSE,FALSE,8,
4/6/2019,TRUE,FALSE,0,
4/7/2019,TRUE,FALSE,0,
4/8/2019,FALSE,FALSE,8,
4/9/2019,FALSE,FALSE,8,
4/10/2019,FALSE,FALSE,8,
4/11/2019,FALSE,FALSE,8,
4/12/2019,FALSE,FALSE,8,
4/13/2019,TRUE,FALSE,0,
4/14/2019,TRUE,FALSE,0,
4/15/2019,FALSE,FALSE,8,
4/16/2019,FALSE,FALSE,8,
4/17/2019,FALSE,FALSE,8,
4/18/2019,FALSE,FALSE,8,
4/19/2019,FALSE,FALSE,8,
4/20/2019,TRUE,FALSE,0,
4/21/2019,TRUE,FALSE,0,
4/22/2019,FALSE,FALSE,8,
4/23/2019,FALSE,FALSE,8,
4/24/2019,FALSE,FALSE,8,
4/25/2019,FALSE,FALSE,8,
4/26/2019,FALSE,FALSE,8,
4/27/2019,TRUE,FALSE,0,
4/28/2019,TRUE,FALSE,0,
4/29/2019,FALSE,FALSE,8,
4/30/2019,FALSE,FALSE,8,
5/1/2019,FALSE,FALSE,8,
5/2/2019,FALSE,FALSE,8,
5/3/2019,FALSE,FALSE,8,
5/4/2019,TRUE,FALSE,0,
5/5/2019,TRUE,FALSE,0,
5/6/2019,FALSE,FALSE,8,
5/7/2019,FALSE,FALSE,8,
5/8/2019,FALSE,FALSE,8,
5/9/2019,FALSE,FALSE,8,
5/10/2019,FALSE,FALSE,8,
5/11/2019,TRUE,FALSE,0,
5/12/2019,TRUE,FALSE,0,
5/13/2019,FALSE,FALSE,8,
5/14/2019,FALSE,FALSE,8,
5/15/2019,FALSE,FALSE,8,
5/16/2019,FALSE,FALSE,8,
5/17/2019,FALSE,FALSE,8,
5/18/2019,TRUE,FALSE,0,
5/19/2019,TRUE,FALSE,0,
5/20/2019,FALSE,FALSE,8,
5/21/2019,FALSE,FALSE,8,
5/22/2019,FALSE,FALSE,8,
5/23/2019,FALSE,FALSE,8,
5/24/2019,FALSE,FALSE,8,
5/25/2019,TRUE,FALSE,0,
5/26/2019,TRUE,FALSE,0,
5/27/2019,FALSE,TRUE,0,Memorial Day
5/28/2019,FALSE,FALSE,8,
5/29/2019,FALSE,FALSE,8,
5/30/2019,FALSE,FALSE,8,
5/31/2019,FALSE,FALSE,8,
6/1/2019,TRUE,FALSE,0,
6/2/2019,TRUE,FALSE,0,
6/3/2019,FALSE,FALSE,8,
6/4/2019,FALSE,FALSE,8,
6/5/2019,FALSE,FALSE,8,
6/6/2019,FALSE,FALSE,8,
6/7/2019,FALSE,FALSE,8,
6/8/2019,TRUE,FALSE,0,
6/9/2019,TRUE,FALSE,0,
6/10/2019,FALSE,FALSE,8,
6/11/2019,FALSE,FALSE,8,
6/12/2019,FALSE,FALSE,8,
6/13/2019,FALSE,FALSE,8,
6/14/2019,FALSE,FALSE,8,
6/15/2019,TRUE,FALSE,0,
6/16/2019,TRUE,FALSE,0,
6/17/2019,FALSE,FALSE,8,
6/18/2019,FALSE,FALSE,8,
6/19/2019,FALSE,FALSE,8,
6/20/2019,FALSE,FALSE,8,
6/21/2019,FALSE,FALSE,8,
6/22/2019,TRUE,FALSE,0,
6/23/2019,TRUE,FALSE,0,
6/24/2019,FALSE,FALSE,8,
6/25/2019,FALSE,FALSE,8,
6/26/2019,FALSE,FALSE,8,
6/27/2019,FALSE,FALSE,8,
6/28/2019,FALSE,FALSE,8,
6/29/2019,TRUE,FALSE,0,
6/30/2019,TRUE,FALSE,0,
7/1/2019,FALSE,FALSE,8,
7/2/2019,FALSE,FALSE,8,
7/3/2019,FALSE,FALSE,8,
7/4/2019,FALSE,TRUE,0,Independence Day
7/5/2019,FALSE,FALSE,8,
7/6/2019,TRUE,FALSE,0,
7/7/2019,TRUE,FALSE,0,
7/8/2019,FALSE,FALSE,8,
7/9/2019,FALSE,FALSE,8,
7/10/2019,FALSE,FALSE,8,
7/11/2019,FALSE,FALSE,8,
7/12/2019,FALSE,FALSE,8,
7/13/2019,TRUE,FALSE,0,
7/14/2019,TRUE,FALSE,0,
7/15/2019,FALSE,FALSE,8,
7/16/2019,FALSE,FALSE,8,
7/17/2019,FALSE,FALSE,8,
7/18/2019,FALSE,FALSE,8,
7/19/2019,FALSE,FALSE,8,
7/20/2019,TRUE,FALSE,0,
7/21/2019,TRUE,FALSE,0,
7/22/2019,FALSE,FALSE,8,
7/23/2019,FALSE,FALSE,8,
7/24/2019,FALSE,FALSE,8,
7/25/2019,FALSE,FALSE,8,
7/26/2019,FALSE,FALSE,8,
7/27/2019,TRUE,FALSE,0,
7/28/2019,TRUE,FALSE,0,
7/29/2019,FALSE,FALSE,8,
7/30/2019,FALSE,FALSE,8,
7/31/2019,FALSE,FALSE,8,
8/1/2019,FALSE,FALSE,8,
8/2/2019,FALSE,FALSE,8,
8/3/2019,TRUE,FALSE,0,
8/4/2019,TRUE,FALSE,0,
8/5/2019,FALSE,FALSE,8,
8/6/2019,FALSE,FALSE,8,
8/7/2019,FALSE,FALSE,8,
8/8/2019,FALSE,FALSE,8,
8/9/2019,FALSE,FALSE,8,
8/10/2019,TRUE,FALSE,0,
8/11/2019,TRUE,FALSE,0,
8/12/2019,FALSE,FALSE,8,
8/13/2019,FALSE,FALSE,8,
8/14/2019,FALSE,FALSE,8,
8/15/2019,FALSE,FALSE,8,
8/16/2019,FALSE,FALSE,8,
8/17/2019,TRUE,FALSE,0,
8/18/2019,TRUE,FALSE,0,
8/19/2019,FALSE,FALSE,8,
8/20/2019,FALSE,FALSE,8,
8/21/2019,FALSE,FALSE,8,
8/22/2019,FALSE,FALSE,8,
8/23/2019,FALSE,FALSE,8,
8/24/2019,TRUE,FALSE,0,
8/25/2019,TRUE,FALSE,0,
8/26/2019,FALSE,FALSE,8,
8/27/2019,FALSE,FALSE,8,
8/28/2019,FALSE,FALSE,8,
8/29/2019,FALSE,FALSE,8,
8/30/2019,FALSE,FALSE,8,
8/31/2019,TRUE,FALSE,0,
9/1/2019,TRUE,FALSE,0,
9/2/2019,FALSE,TRUE,0,Labor Day
9/3/2019,FALSE,FALSE,8,
9/4/2019,FALSE,FALSE,8,
9/5/2019,FALSE,FALSE,8,
9/6/2019,FALSE,FALSE,8,
9/7/2019,TRUE,FALSE,0,
9/8/2019,TRUE,FALSE,0,
9/9/2019,FALSE,FALSE,8,
9/10/2019,FALSE,FALSE,8,
9/11/2019,FALSE,FALSE,8,
9/12/2019,FALSE,FALSE,8,
9/13/2019,FALSE,FALSE,8,
9/14/2019,TRUE,FALSE,0,
9/15/2019,TRUE,FALSE,0,
9/16/2019,FALSE,FALSE,8,
9/17/2019,FALSE,FALSE,8,
9/18/2019,FALSE,FALSE,8,
9/19/2019,FALSE,FALSE,8,
9/20/2019,FALSE,FALSE,8,
9/21/2019,TRUE,FALSE,0,
9/22/2019,TRUE,FALSE,0,
9/23/2019,FALSE,FALSE,8,
9/24/2019,FALSE,FALSE,8,
9/25/2019,FALSE,FALSE,8,
9/26/2019,FALSE,FALSE,8,
9/27/2019,FALSE,FALSE,8,
9/28/2019,TRUE,FALSE,0,
9/29/2019,TRUE,FALSE,0,
9/30/2019,FALSE,FALSE,8,
10/1/2019,FALSE,FALSE,8,
10/2/2019,FALSE,FALSE,8,
10/3/2019,FALSE,FALSE,8,
10/4/2019,FALSE,FALSE,8,
10/5/2019,TRUE,FALSE,0,
10/6/2019,TRUE,FALSE,0,
10/7/2019,FALSE,FALSE,8,
10/8/2019,FALSE,FALSE,8,
10/9/2019,FALSE,FALSE,8,
10/10/2019,FALSE,FALSE,8,
10/11/2019,FALSE,FALSE,8,
10/12/2019,TRUE,FALSE,0,
10/13/2019,TRUE,FALSE,0,
10/14/2019,FALSE,TRUE,0,Columbus Day
10/15/2019,FALSE,FALSE,8,
10/16/2019,FALSE,FALSE,8,
10/17/2019,FALSE,FALSE,8,
10/18/2019,FALSE,FALSE,8,
10/19/2019,TRUE,FALSE,0,
10/20/2019,TRUE,FALSE,0,
10/21/2019,FALSE,FALSE,8,
10/22/2019,FALSE,FALSE,8,
10/23/2019,FALSE,FALSE,8,
10/24/2019,FALSE,FALSE,8,
10/25/2019,FALSE,FALSE,8,
10/26/2019,TRUE,FALSE,0,
10/27/2019,TRUE,FALSE,0,
10/28/2019,FALSE,FALSE,8,
10/29/2019,FALSE,FALSE,8,
10/30/2019,FALSE,FALSE,8,
10/31/2019,FALSE,FALSE,8,
11/1/2019,FALSE,FALSE,8,
11/2/2019,TRUE,FALSE,0,
11/3/2019,TRUE,FALSE,0,
11/4/2019,FALSE,FALSE,8,
11/5/2019,FALSE,FALSE,8,
11/6/2019,FALSE,FALSE,8,
11/7/2019,FALSE,FALSE,8,
11/8/2019,FALSE,FALSE,8,
11/9/2019,TRUE,FALSE,0,
11/10/2019,TRUE,FALSE,0,
11/11/2019,FALSE,TRUE,0,Veterans Day
11/12/2019,FALSE,FALSE,8,
11/13/2019,FALSE,FALSE,8,
11/14/2019,FALSE,FALSE,8,
11/15/2019,FALSE,FALSE,8,
11/16/2019,TRUE,FALSE,0,
11/17/2019,TRUE,FALSE,0,
11/18/2019,FALSE,FALSE,8,
11/19/2019,FALSE,FALSE,8,
11/20/2019,FALSE,FALSE,8,
11/21/2019,FALSE,FALSE,8,
11/22/2019,FALSE,FALSE,8,
11/23/2019,TRUE,FALSE,0,
11/24/2019,TRUE,FALSE,0,
11/25/2019,FALSE,FALSE,8,
11/26/2019,FALSE,FALSE,8,
11/27/2019,FALSE,FALSE,8,
11/28/2019,FALSE,TRUE,0,Thanksgiving Day
11/29/2019,FALSE,FALSE,0,Day after Thanksgiving
11/30/2019,TRUE,FALSE,0,
12/1/2019,TRUE,FALSE,0,
12/2/2019,FALSE,FALSE,8,
12/3/2019,FALSE,FALSE,8,
12/4/2019,FALSE,FALSE,8,
12/5/2019,FALSE,FALSE,8,
12/6/2019,FALSE,FALSE,8,
12/7/2019,TRUE,FALSE,0,
12/8/2019,TRUE,FALSE,0,
12/9/2019,FALSE,FALSE,8,
12/10/2019,FALSE,FALSE,8,
12/11/2019,FALSE,FALSE,8,
12/12/2019,FALSE,FALSE,8,
12/13/2019,FALSE,FALSE,8,
12/14/2019,TRUE,FALSE,0,
12/15/2019,TRUE,FALSE,0,
12/16/2019,FALSE,FALSE,8,
12/17/2019,FALSE,FALSE,8,
12/18/2019,FALSE,FALSE,8,
12/19/2019,FALSE,FALSE,8,
12/20/2019,FALSE,FALSE,8,
12/21/2019,TRUE,FALSE,0,
12/22/2019,TRUE,FALSE,0,
12/23/2019,FALSE,FALSE,8,
12/24/2019,FALSE,FALSE,8,
12/25/2019,FALSE,TRUE,0,Christmas Day
12/26/2019,FALSE,FALSE,8,
12/27/2019,FALSE,FALSE,8,
12/28/2019,TRUE,FALSE,0,
12/29/2019,TRUE,FALSE,0,
12/30/2019,FALSE,FALSE,8,
12/31/2019,FALSE,FALSE,8,
1/1/2020,FALSE,TRUE,0,New Year's Day
1/2/2020,FALSE,FALSE,8,
1/3/2020,FALSE,FALSE,8,
1/4/2020,TRUE,FALSE,0,
1/5/2020,TRUE,FALSE,0,
1/6/2020,FALSE,FALSE,8,
1/7/2020,FALSE,FALSE,8,
1/8/2020,FALSE,FALSE,8,
1/9/2020,FALSE,FALSE,8,
1/10/2020,FALSE,FALSE,8,
1/11/2020,TRUE,FALSE,0,
1/12/2020,TRUE,FALSE,0,
1/13/2020,FALSE,FALSE,8,
1/14/2020,FALSE,FALSE,8,
1/15/2020,FALSE,FALSE,8,
1/16/2020,FALSE,FALSE,8,
1/17/2020,FALSE,FALSE,8,
1/18/2020,TRUE,FALSE,0,
1/19/2020,TRUE,FALSE,0,
1/20/2020,FALSE,TRUE,0,Martin Luther King Day
1/21/2020,FALSE,FALSE,8,
1/22/2020,FALSE,FALSE,8,
1/23/2020,FALSE,FALSE,8,
1/24/2020,FALSE,FALSE,8,
1/25/2020,TRUE,FALSE,0,
1/26/2020,TRUE,FALSE,0,
1/27/2020,FALSE,FALSE,8,
1/28/2020,FALSE,FALSE,8,
1/29/2020,FALSE,FALSE,8,
1/30/2020,FALSE,FALSE,8,
1/31/2020,FALSE,FALSE,8,
2/1/2020,TRUE,FALSE,0,
2/2/2020,TRUE,FALSE,0,
2/3/2020,FALSE,FALSE,8,
2/4/2020,FALSE,FALSE,8,
2/5/2020,FALSE,FALSE,8,
2/6/2020,FALSE,FALSE,8,
2/7/2020,FALSE,FALSE,8,
2/8/2020,TRUE,FALSE,0,
2/9/2020,TRUE,FALSE,0,
2/10/2020,FALSE,FALSE,8,
2/11/2020,FALSE,FALSE,8,
2/12/2020,FALSE,FALSE,8,
2/13/2020,FALSE,FALSE,8,
2/14/2020,FALSE,FALSE,8,
2/15/2020,TRUE,FALSE,0,
2/16/2020,TRUE,FALSE,0,
2/17/2020,FALSE,TRUE,0,Presidents' Day
2/18/2020,FALSE,FALSE,8,
2/19/2020,FALSE,FALSE,8,
2/20/2020,FALSE,FALSE,8,
2/21/2020,FALSE,FALSE,8,
2/22/2020,TRUE,FALSE,0,
2/23/2020,TRUE,FALSE,0,
2/24/2020,FALSE,FALSE,8,
2/25/2020,FALSE,FALSE,8,
2/26/2020,FALSE,FALSE,8,
2/27/2020,FALSE,FALSE,8,
2/28/2020,FALSE,FALSE,8,
2/29/2020,TRUE,FALSE,0,
3/1/2020,TRUE,FALSE,0,
3/2/2020,FALSE,FALSE,8,
3/3/2020,FALSE,FALSE,8,
3/4/2020,FALSE,FALSE,8,
3/5/2020,FALSE,FALSE,8,
3/6/2020,FALSE,FALSE,8,
3/7/2020,TRUE,FALSE,0,
3/8/2020,TRUE,FALSE,0,
3/9/2020,FALSE,FALSE,8,
3/10/2020,FALSE,FALSE,8,
3/11/2020,FALSE,FALSE,8,
3/12/2020,FALSE,FALSE,8,
3/13/2020,FALSE,FALSE,8,
3/14/2020,TRUE,FALSE,0,
3/15/2020,TRUE,FALSE,0,
3/16/2020,FALSE,FALSE,8,
3/17/2020,FALSE,FALSE,8,
3/18/2020,FALSE,FALSE,8,
3/19/2020,FALSE,FALSE,8,
3/20/2020,FALSE,FALSE,8,
3/21/2020,TRUE,FALSE,0,
3/22/2020,TRUE,FALSE,0,
3/23/2020,FALSE,FALSE,8,
3/24/2020,FALSE,FALSE,8,
3/25/2020,FALSE,FALSE,8,
3/26/2020,FALSE,FALSE,8,
3/27/2020,FALSE,FALSE,8,
3/28/2020,TRUE,FALSE,0,
3/29/2020,TRUE,FALSE,0,
3/30/2020,FALSE,FALSE,8,
3/31/2020,FALSE,FALSE,8,
4/1/2020,FALSE,FALSE,8,
4/2/2020,FALSE,FALSE,8,
4/3/2020,FALSE,FALSE,8,
4/4/2020,TRUE,FALSE,0,
4/5/2020,TRUE,FALSE,0,
4/6/2020,FALSE,FALSE,8,
4/7/2020,FALSE,FALSE,8,
4/8/2020,FALSE,FALSE,8,
4/9/2020,FALSE,FALSE,8,
4/10/2020,FALSE,FALSE,8,
4/11/2020,TRUE,FALSE,0,
4/12/2020,TRUE,FALSE,0,
4/13/2020,FALSE,FALSE,8,
4/14/2020,FALSE,FALSE,8,
4/15/2020,FALSE,FALSE,8,
4/16/2020,FALSE,FALSE,8,
4/17/2020,FALSE,FALSE,8,
4/18/2020,TRUE,FALSE,0,
4/19/2020,TRUE,FALSE,0,
4/20/2020,FALSE,FALSE,8,
4/21/2020,FALSE,FALSE,8,
4/22/2020,FALSE,FALSE,8,
4/23/2020,FALSE,FALSE,8,
4/24/2020,FALSE,FALSE,8,
4/25/2020,TRUE,FALSE,0,
4/26/2020,TRUE,FALSE,0,
4/27/2020,FALSE,FALSE,8,
4/28/2020,FALSE,FALSE,8,
4/29/2020,FALSE,FALSE,8,
4/30/2020,FALSE,FALSE,8,
5/1/2020,FALSE,FALSE,8,
5/2/2020,TRUE,FALSE,0,
5/3/2020,TRUE,FALSE,0,
5/4/2020,FALSE,FALSE,8,
5/5/2020,FALSE,FALSE,8,
5/6/2020,FALSE,FALSE,8,
5/7/2020,FALSE,FALSE,8,
5/8/2020,FALSE,FALSE,8,
5/9/2020,TRUE,FALSE,0,
5/10/2020,TRUE,FALSE,0,
5/11/2020,FALSE,FALSE,8,
5/12/2020,FALSE,FALSE,8,
5/13/2020,FALSE,FALSE,8,
5/14/2020,FALSE,FALSE,8,
5/15/2020,FALSE,FALSE,8,
5/16/2020,TRUE,FALSE,0,
5/17/2020,TRUE,FALSE,0,
5/18/2020,FALSE,FALSE,8,
5/19/2020,FALSE,FALSE,8,
5/20/2020,FALSE,FALSE,8,
5/21/2020,FALSE,FALSE,8,
5/22/2020,FALSE,FALSE,8,
5/23/2020,TRUE,FALSE,0,
5/24/2020,TRUE,FALSE,0,
5/25/2020,FALSE,TRUE,0,Memorial Day
5/26/2020,FALSE,FALSE,8,
5/27/2020,FALSE,FALSE,8,
5/28/2020,FALSE,FALSE,8,
5/29/2020,FALSE,FALSE,8,
5/30/2020,TRUE,FALSE,0,
5/31/2020,TRUE,FALSE,0,
6/1/2020,FALSE,FALSE,8,
6/2/2020,FALSE,FALSE,8,
6/3/2020,FALSE,FALSE,8,
6/4/2020,FALSE,FALSE,8,
6/5/2020,FALSE,FALSE,8,
6/6/2020,TRUE,FALSE,0,
6/7/2020,TRUE,FALSE,0,
6/8/2020,FALSE,FALSE,8,
6/9/2020,FALSE,FALSE,8,
6/10/2020,FALSE,FALSE,8,
6/11/2020,FALSE,FALSE,8,
6/12/2020,FALSE,FALSE,8,
6/13/2020,TRUE,FALSE,0,
6/14/2020,TRUE,FALSE,0,
6/15/2020,FALSE,FALSE,8,
6/16/2020,FALSE,FALSE,8,
6/17/2020,FALSE,FALSE,8,
6/18/2020,FALSE,FALSE,8,
6/19/2020,FALSE,FALSE,8,
6/20/2020,TRUE,FALSE,0,
6/21/2020,TRUE,FALSE,0,
6/22/2020,FALSE,FALSE,8,
6/23/2020,FALSE,FALSE,8,
6/24/2020,FALSE,FALSE,8,
6/25/2020,FALSE,FALSE,8,
6/26/2020,FALSE,FALSE,8,
6/27/2020,TRUE,FALSE,0,
6/28/2020,TRUE,FALSE,0,
6/29/2020,FALSE,FALSE,8,
6/30/2020,FALSE,FALSE,8,
7/1/2020,FALSE,FALSE,8,
7/2/2020,FALSE,FALSE,8,
7/3/2020,FALSE,TRUE,0,Independence Day (observed)
7/4/2020,TRUE,TRUE,0,Independence Day
7/5/2020,TRUE,FALSE,0,
7/6/2020,FALSE,FALSE,8,
7/7/2020,FALSE,FALSE,8,
7/8/2020,FALSE,FALSE,8,
7/9/2020,FALSE,FALSE,8,
7/10/2020,FALSE,FALSE,8,
7/11/2020,TRUE,FALSE,0,
7/12/2020,TRUE,FALSE,0,
7/13/2020,FALSE,FALSE,8,
7/14/2020,FALSE,FALSE,8,
7/15/2020,FALSE,FALSE,8,
7/16/2020,FALSE,FALSE,8,
7/17/2020,FALSE,FALSE,8,
7/18/2020,TRUE,FALSE,0,
7/19/2020,TRUE,FALSE,0,
7/20/2020,FALSE,FALSE,8,
7/21/2020,FALSE,FALSE,8,
7/22/2020,FALSE,FALSE,8,
7/23/2020,FALSE,FALSE,8,
7/24/2020,FALSE,FALSE,8,
7/25/2020,TRUE,FALSE,0,
7/26/2020,TRUE,FALSE,0,
7/27/2020,FALSE,FALSE,8,
7/28/2020,FALSE,FALSE,8,
7/29/2020,FALSE,FALSE,8,
7/30/2020,FALSE,FALSE,8,
7/31/2020,FALSE,FALSE,8,
8/1/2020,TRUE,FALSE,0,
8/2/2020,TRUE,FALSE,0,
8/3/2020,FALSE,FALSE,8,
8/4/2020,FALSE,FALSE,8,
8/5/2020,FALSE,FALSE,8,
8/6/2020,FALSE,FALSE,8,
8/7/2020,FALSE,FALSE,8,
8/8/2020,TRUE,FALSE,0,
8/9/2020,TRUE,FALSE,0,
8/10/2020,FALSE,FALSE,8,
8/11/2020,FALSE,FALSE,8,
8/12/2020,FALSE,FALSE,8,
8/13/2020,FALSE,FALSE,8,
8/14/2020,FALSE,FALSE,8,
8/15/2020,TRUE,FALSE,0,
8/16/2020,TRUE,FALSE,0,
8/17/2020,FALSE,FALSE,8,
8/18/2020,FALSE,FALSE,8,
8/19/2020,FALSE,FALSE,8,
8/20/2020,FALSE,FALSE,8,
8/21/2020,FALSE,FALSE,8,
8/22/2020,TRUE,FALSE,0,
8/23/2020,TRUE,FALSE,0,
8/24/2020,FALSE,FALSE,8,
8/25/2020,FALSE,FALSE,8,
8/26/2020,FALSE,FALSE,8,
8/27/2020,FALSE,FALSE,8,
8/28/2020,FALSE,FALSE,8,
8/29/2020,TRUE,FALSE,0,
8/30/2020,TRUE,FALSE,0,
8/31/2020,FALSE,FALSE,8,
9/1/2020,FALSE,FALSE,8,
9/2/2020,FALSE,FALSE,8,
9/3/2020,FALSE,FALSE,8,
9/4/2020,FALSE,FALSE,8,
9/5/2020,TRUE,FALSE,0,
9/6/2020,TRUE,FALSE,0,
9/7/2020,FALSE,TRUE,0,Labor Day
9/8/2020,FALSE,FALSE,8,
9/9/2020,FALSE,FALSE,8,
9/10/2020,FALSE,FALSE,8,
9/11/2020,FALSE,FALSE,8,
9/12/2020,TRUE,FALSE,0,
9/13/2020,TRUE,FALSE,0,
9/14/2020,FALSE,FALSE,8,
9/15/2020,FALSE,FALSE,8,
9/16/2020,FALSE,FALSE,8,
9/17/2020,FALSE,FALSE,8,
9/18/2020,FALSE,FALSE,8,
9/19/2020,TRUE,FALSE,0,
9/20/2020,TRUE,FALSE,0,
9/21/2020,FALSE,FALSE,8,
9/22/2020,FALSE,FALSE,8,
9/23/2020,FALSE,FALSE,8,
9/24/2020,FALSE,FALSE,8,
9/25/2020,FALSE,FALSE,8,
9/26/2020,TRUE,FALSE,0,
9/27/2020,TRUE,FALSE,0,
9/28/2020,FALSE,FALSE,8,
9/29/2020,FALSE,FALSE,8,
9/30/2020,FALSE,FALSE,8,
10/1/2020,FALSE,FALSE,8,
10/2/2020,FALSE,FALSE,8,
10/3/2020,TRUE,FALSE,0,
10/4/2020,TRUE,FALSE,0,
10/5/2020,FALSE,FALSE,8,
10/6/2020,FALSE,FALSE,8,
10/7/2020,FALSE,FALSE,8,
10/8/2020,FALSE,FALSE,8,
10/9/2020,FALSE,FALSE,8,
10/10/2020,TRUE,FALSE,0,
10/11/2020,TRUE,FALSE,0,
10/12/2020,FALSE,TRUE,0,Columbus Day
10/13/2020,FALSE,FALSE,8,
10/14/2020,FALSE,FALSE,8,
10/15/2020,FALSE,FALSE,8,
10/16/2020,FALSE,FALSE,8,
10/17/2020,TRUE,FALSE,0,
10/18/2020,TRUE,FALSE,0,
10/19/2020,FALSE,FALSE,8,
10/20/2020,FALSE,FALSE,8,
10/21/2020,FALSE,FALSE,8,
10/22/2020,FALSE,FALSE,8,
10/23/2020,FALSE,FALSE,8,
10/24/2020,TRUE,FALSE,0,
10/25/2020,TRUE,FALSE,0,
10/26/2020,FALSE,FALSE,8,
10/27/2020,FALSE,FALSE,8,
10/28/2020,FALSE,FALSE,8,
10/29/2020,FALSE,FALSE,8,
10/30/2020,FALSE,FALSE,8,
10/31/2020,TRUE,FALSE,0,
11/1/2020,TRUE,FALSE,0,
11/2/2020,FALSE,FALSE,8,
11/3/2020,FALSE,FALSE,8,
11/4/2020,FALSE,FALSE,8,
11/5/2020,FALSE,FALSE,8,
11/6/2020,FALSE,FALSE,8,
11/7/2020,TRUE,FALSE,0,
11/8/2020,TRUE,FALSE,0,
11/9/2020,FALSE,FALSE,8,
11/10/2020,FALSE,FALSE,8,
11/11/2020,FALSE,TRUE,0,Veterans Day
11/12/2020,FALSE,FALSE,8,
11/13/2020,FALSE,FALSE,8,
11/14/2020,TRUE,FALSE,0,
11/15/2020,TRUE,FALSE,0,
11/16/2020,FALSE,FALSE,8,
11/17/2020,FALSE,FALSE,8,
11/18/2020,FALSE,FALSE,8,
11/19/2020,FALSE,FALSE,8,
11/20/2020,FALSE,FALSE,8,
11/21/2020,TRUE,FALSE,0,
11/22/2020,TRUE,FALSE,0,
11/23/2020,FALSE,FALSE,8,
11/24/2020,FALSE,FALSE,8,
11/25/2020,FALSE,FALSE,8,
11/26/2020,FALSE,TRUE,0,Thanksgiving Day
11/27/2020,FALSE,FALSE,0,Day after Thanksgiving
11/28/2020,TRUE,FALSE,0,
11/29/2020,TRUE,FALSE,0,
11/30/2020,FALSE,FALSE,8,
12/1/2020,FALSE,FALSE,8,
12/2/2020,FALSE,FALSE,8,
12/3/2020,FALSE,FALSE,8,
12/4/2020,FALSE,FALSE,8,
12/5/2020,TRUE,FALSE,0,
12/6/2020,TRUE,FALSE,0,
12/7/2020,FALSE,FALSE,8,
12/8/2020,FALSE,FALSE,8,
12/9/2020,FALSE,FALSE,8,
12/10/2020,FALSE,FALSE,8,
12/11/2020,FALSE,FALSE,8,
12/12/2020,TRUE,FALSE,0,
12/13/2020,TRUE,FALSE,0,
12/14/2020,FALSE,FALSE,8,
12/15/2020,FALSE,FALSE,8,
12/16/2020,FALSE,FALSE,8,
12/17/2020,FALSE,FALSE,8,
12/18/2020,FALSE,FALSE,8,
12/19/2020,TRUE,FALSE,0,
12/20/2020,TRUE,FALSE,0,
12/21/2020,FALSE,FALSE,8,
12/22/2020,FALSE,FALSE,8,
12/23/2020,FALSE,FALSE,8,
12/24/2020,FALSE,FALSE,8,
12/25/2020,FALSE,TRUE,0,Christmas Day
12/26/2020,TRUE,FALSE,0,
12/27/2020,TRUE,FALSE,0,
12/28/2020,FALSE,FALSE,8,
12/29/2020,FALSE,FALSE,8,
12/30/2020,FALSE,FALSE,8,
12/31/2020,FALSE,FALSE,8,
